first_name	last_name	email
Alexander	Wilson	alex.wilson@example.com
Amelia	Taylor	ataylor99@testmail.com
Benjamin	Anderson	ben.anderson@provider.net
Charlotte	Thomas	charlotte.t@domain.com
Daniel	Jackson	djackson_dev@webmail.org
Evelyn	White	evelyn.white@example.com
Henry	Harris	hharris_tech@testmail.com
Harper	Martin	harper.m@provider.net
Jackson	Thompson	jthompson85@domain.com
Luna	Garcia	luna.garcia@webmail.org
Sebastian	Martinez	sebastian.m@example.com
Scarlett	Robinson	srobinson@testmail.com
Mateo	Clark	mateo.clark@provider.net
Chloe	Rodriguez	chloe.rod@domain.com
Jack	Lewis	jlewis_dev@webmail.org
Aria	Lee	aria.lee22@example.com
Owen	Walker	owen.walker@testmail.com
Grace	Hall	ghall_tech@provider.net
Levi	Allen	levi.allen@domain.com
Zoey	Young	zoey.young@webmail.org
Wyatt	King	wking_dev@example.com
Mila	Wright	mila.wright@testmail.com
Julian	Scott	jscott@provider.net
Layla	Nguyen	layla.n@domain.com
Caleb	Hill	caleb.hill@webmail.org
Hazel	Adams	hazel.adams@example.com
Nathan	Nelson	nnelson@testmail.com
Lily	Baker	lily.baker@provider.net
Isaac	Rivera	isaac.r@domain.com
Violet	Campbell	vcampbell@webmail.org
